Workbook

Sheet Cover Page
A21: Cybersecurity Risk Register
A22: New Nile Bank
D24: Classification: | F24: Confidential
D25: Version: | F25: 1.0
D26: Date: | F26: 46119

Sheet Data Validation
B1: Please select a scope of risk | D1: Please select a risk treatment | F1: Choose Classification | H1: 1 | J1: Please select overall inherent risk rating | L1: Please select a threat
B2: IT assets | D2: Risk Mitigation | F2: Top Secret | H2: 2 | J2: Critical | L2: Credential compromise
B3: Business process | D3: Risk Avoidance | F3: Secret | H3: 3 | J3: High | L3: Insider threats
B4: Personnel | D4: Risk Transfer | F4: Confidential | H4: 4 | J4: Medium | L4: Asset compromise
D5: Risk Acceptance | F5: Public | H5: 5 | J5: Low | L5: Social engineering
J6: Very Low | L6: Data breach/leakage
J7: N/A | L7: Loss of business continuity
L8: Data loss
L9: Mistaking compliance for protection
L10: Regulatory fines
L11: Outdated hardware
L12: Vulnerable software
L13: Cloud vulnerabilities
L14: Ransomware
L15: Malware
L16: Attacks on IoT devices
L17: Operational downtime
L18: DDoS
L19: Underestimation of risk occurrence probability
... L23: Third party exposure

Sheet Version control
B8: Document Control
B9: Classification
B10: ='Cover Page'!F24 -> Confidential
B12: Version control
B13: Version | C13: Date | D13: Updated By | E13: Version Details
B14: 1 | C14: 46207 | D14: Samara Risha | E14: First version of the Risk assessment

Sheet Risk register legend
B8: Legend
B9: Column name | C9: Description
B10: Risk identifier | C10: Unique number assigned to Risk
B11: Risk area (scope of risk) | C11: Area in which the risk was identified
B12: Risk owner | C12: Head of organization or asset and process owner for which a risk was identified
B13: Date of risk identification | C13: Date of risk identification
B14: Description of the risk | C14: Risk description
B15: Risk cause | C15: Description of the cause of the inherent risk
B16: Threat | C16: Description of the threat arising from the risk
B17: Risk analysis and consequences | C17: Description of the possible consequences of the risk and information about the timescale in which they can happen.
B18: Date of risk analysis and evaluation | C18: Last date when risk has been identified and assessed
B19: Inherent risk likelihood (1-5) | C19: Quantitative evaluation of the inherent risk likelihood
B20: Inherent risk magnitude/impact (1-5) | C20: Quantitative evaluation of the inherent risk magnitude/impact
... B34: Comment | C34: Place for any additional related comments (for example description of relation between different risks)

Sheet Risk register
B8: ='Cover Page'!F24 -> Confidential
A9: 0.27013889
B10: Risk register
B11: Risk identifier | C11: Risk area (scope of risk) | D11: Risk owner | E11: Date of risk identification | F11: Description of the risk | G11: Risk cause | H11: Threat | I11: Risk analysis and consequences | J11: Date of risk analysis and evaluation | K11: Inherent risk likelihood (1-5) | L11: Inherent risk magnitude/impact (1-5) | M11: Overall inherent risk rating | N11: Updated overall inherent risk rating (manual override) | O11: Type of treatment action | P11: Risk treatment description | Q11: Owner of the treatment action | R11: Deadline for action | S11: Residual risk description | T11: Residual risk likelihood (1-5) | U11: Residual risk magnitude/impact (1-5) | V11: Overall residaul risk rating | W11: Following steps description | X11: Last evaluation date | Y11: Comment
B12: 1 | C12: IT assets | D12: Ibrahim Gamal | E12: 45710 | F12: Finanicial Loss unauthorized transactions | G12: Lack of input validation/sanitization in OFS messages | H12: Vulnerable software | I12: Injecting crafted OFS requests to bypass validation and perform unauthorized transfers | J12: 45711 | K12: 5 | L12: 5 | M12: =IF(K12*L12<=3,"Very Low",IF(K12*L12<=6,"Low",IF(K12*L12<=10,"Medium",IF(K12*L12<=16,"High","Critical")))) -> Critical | N12: Critical | O12: Risk Mitigation | P12: The risk will be mitigated by implementing strict input validation on OFS messages, enforcing strong authentication and authorization controls, restricting access to OFS interfaces, and enabling continuous monitoring and logging of transactions.” | Q12: Sara Asharaf Ibrahim Gamal | R12: 46081 | S12: There will still be risk and the Temons team must provide a comeplete mitigation for it | T12: 2 | U12: 5 | V12: =IF(T12*U12<=3,"Very Low",IF(T12*U12<=6,"Low",IF(T12*U12<=10,"Medium",IF(T12*U12<=16,"High","Critical")))) -> Medium | W12: Monitor implementation of the controls and residual risk | X12: 45711 | Y12: N/A
B13: 2 | C13: IT assets | D13: Ibrahim Gamal | E13: 45710 | F13: Data breaches (customer/account data exposure) | G13: Lack of input validation/sanitization in OFS messages | H13: Data breach/leakage | I13: The Customer data will be exposed leading to reputaional damage | J13: 45711 | K13: 5 | L13: 4 | M13: critical | N13: Critical | O13: Risk Mitigation | P13: The risk will be mitigated by implementing strict input validation on OFS messages, enforcing strong authentication and authorization controls, restricting access to OFS interfaces, and enabling continuous monitoring and logging of transactions.” | Q13: Sara Asharaf Ibrahim Gamal | R13: 46081 | S13: There will still be risk and the Temons team must provide a comeplete mitigation for it | T13: 2 | U13: 5 | V13: Medium | W13: Monitor implementation of the controls and residual risk | X13: 23/02/2025
A14: . | B14: 3 | C14: IT assets | D14: Ibrahim Gamal | E14: 45710 | F14: Regulatory penalties | G14: Lack of input validation/sanitization in OFS messages | H14: Non Compliant with CBE - PCI | I14: Fines will be applied if the risk is mitigated | J14: 45711 | K14: 4 | L14: 3 | M14: High | N14: High | O14: Risk Mitigation | P14: The risk will be mitigated by implementing strict input validation on OFS messages, enforcing strong authentication and authorization controls, restricting access to OFS interfaces, and enabling continuous monitoring and logging of transactions.” | Q14: Sara Asharaf Ibrahim Gamal | R14: 46081 | S14: There will still be risk and the Temons team must provide a comeplete mitigation for it | T14: 2 | U14: 5 | V14: Medium | W14: Monitor implementation of the controls and residual risk | X14: 23/02/2025
A15: . | B15: 4 | C15: IT assets | D15: Ibrahim Gamal | E15: 45750 | F15: Unauthirzed administrative access | G15: Reflected XSS attackers can use to steel session tokens from the embloyees in the browser of T24 | H15: Vulnarabile Sosfrware | I15: Stealing the session cookies from the embloyees can lead to unauthirzed administrative access | J15: 46145 | K15: 5 | L15: 5 | M15: critical | N15: Critical | O15: Risk Mitigation | P15: apply the Input Validation untill we can Installing the latest updates and patches of T24 | Q15: Ibrahim Gamal Samara Risha | R15: 46298 | S15: The inpult validation can reduce the risk but still won't be affective until we install the latest updated version | T15: 3 | U15: 3 | V15: medium | W15: Monitor implementation of the controls and residual risk and installing the updates | X15: 46329
A16: . | B16: 5 | C16: IT assets | D16: Hossam Badr | E16: 45933 | F16: Unzuthirzed access to the DB | G16: Overpriveliged users | H16: Insider threat | I16: Some users with lower privilges usually get higher priviliges | J16: 45964 | K16: 3 | L16: 5 | M16: Critical | N16: Critical | O16: Risk Mitigation | P16: We should apply the Least privilage principle and applying the permission approval policy when giving user's higher priviliges | Q16: Hossam Badr Mohamed Rgab | R16: 14/3/2025 | S16: When applying the the principle and the policy , it will reduce the risk and nearly eliminate it | T16: 1 | U16: 1 | V16: Very low | W16: Implementing the the controls mentioned in the risk treatment document | X16: 15/3/2026
A17: . | B17: 6 | C17: IT assets | D17: Amira Zaki | E17: 20/7/2025 | F17: Data theft / Unzuthrized access / Creidentials theft | G17: Lack of Awareness , Email gateway can't fully detect phising emails | H17: APT planning to start a phising campagin , sending mailcous emails to the customers | I17: Successful attempts can lead to the employees crediential theft or data leakge or downloading mailcous files that will harm the system | J17: 21/7/2025 | K17: 4 | L17: 4 | M17: Critical | N17: Critical | O17: Risk Mitigation | P17: Conducting awareness sessions to the employees | Q17: Amira Zaki Samara Risha | R17: 30./8/2025 | S17: sending the employees warning through their emails about the phishing campaings until we start conducting the awareness | T17: 2 | U17: 2 | V17: Low | W17: Start conducting the awareness sessions | X17: 24/7/2025
A18: . | B18: 7 | C18: IT assets | D18: Nour Eldin | E18: 46303 | F18: ATM Network – 18 ATMs running Windows 10 IoT End-of-Life OS. No security patches available. | G18: Ne Security Patches Avilable | H18: Any undiscovered Vulnrababilites can be exploited | J18: 46334 | K18: 5 | L18: 5 | M18: Critical | N18: Critical | O18: Risk Mitigation | Q18: Nour Eldin | R18: 26/10/2026 | S18: It won't work that much cuz we still need the updates | T18: 4 | U18: 4 | V18: Critical | W18: Installing the updates | X18: 15/8/2026
A19: . | B19: 8 | C19: IT assets | D19: Nader Saleh | E19: 20/8/2026 | F19: There is a risk that an attacker will exploit the pinning bypass vulnerability during a MITM attack. | G19: \Certificate Pinning Bypass (The app fails to strictly validate the server’s unique identity, or the pinning mechanism is easily disabled by tools like Frida | H19: APTs and Skilled threat actors can bybasse the certificates of the users | I19: This would result in the exposure of sensitive Cardholder Data (CHD) and Authentication Credentials in plain text. | J19: 21/82026 | K19: 5 | L19: 5 | M19: Critical | N19: Critical | O19: Risk Mitigation | P19: Development team to implement strict certificate pinning in next mobile app release (v3.2). | Q19: Nader Saleh | R19: 30/8/2026 | T19: 3 | U19: 3 | V19: Medium | W19: Development team to implement strict certificate pinning in next mobile app release (v3.2). | X19: 25/8/2026
A20: . | B20: 9 | C20: IT assets | D20: Nour El-Din | E20: 46118 | F20: SWIFT Fraud / BEC Wire Transfer — Fraudulent MT103 messages via compromised SWIFT operator credentials | G20: Spear-phishing targeting SWIFT operations staff; weak MFA on SWIFT Alliance Gateway (SAG); HSM credentials at risk from APT38/Lazarus Group TTPs | H20: Credential compromise | I20: Threat actor (APT38/Lazarus Group pattern) compromises SWIFT operator credentials and initiates fraudulent FIN MT103 wire transfer messages. Financial loss potentially hundreds of millions EGP. CBE mandatory 24-hour incident notification triggered. Reference: Bangladesh Bank 2016 — USD 81M lost via identical SWIFT fraud pattern. | J20: 46118 | K20: 4 | L20: 5 | M20: =IF(K20*L20<=3,"Very Low",IF(K20*L20<=6,"Low",IF(K20*L20<=10,"Medium",IF(K20*L20<=16,"High","Critical")))) -> Critical | N20: Critical | O20: Risk Mitigation | P20: 1) Enforce MFA on all SAG console and SWIFT operator accounts immediately 2) Implement SWIFT CSCF v2024 mandatory controls — payment transaction signing and anomaly detection 3) Deploy out-of-band payment confirmation for all transactions above EGP 500,000 4) Rotate all SAG credentials and HSM PINs quarterly 5) Integrate SAG logs into MS Sentinel with real-time alerting 6) Develop and test SWIFT BEC incident response playbook via annual tabletop exercise | Q20: Nour El-Din / Mohamed Ragab / Layla Farouk | R20: 46203 | S20: After MFA enforcement, SWIFT CSP controls and Sentinel integration — residual risk reduced. Out-of-band confirmation limits blast radius. APT-level threat means residual risk remains elevated. | T20: 2 | U20: 5 | V20: =IF(T20*U20<=3,"Very Low",IF(T20*U20<=6,"Low",IF(T20*U20<=10,"Medium",IF(T20*U20<=16,"High","Critical")))) -> Medium | W20: Quarterly SWIFT CSP compliance check. Annual SWIFT-specific penetration test. Test SWIFT BEC IR playbook annually. | X20: 46118 | Y20: CRITICAL — APT38/Lazarus Group confirmed active in MENA banking sector. Immediate MFA enforcement required.
A21: . | B21: 10 | C21: IT assets | D21: Ibrahim Gamal | E21: 46118 | F21: Ransomware Attack — T24 CBS and Oracle GL encryption via phishing-to-AD lateral movement | G21: Phishing email to NCB staff leads to AD compromise (14 dormant admin accounts open finding), lateral movement to T24 CBS and Oracle Flexcube GL, ransomware deployment disabling EOD batch processing | H21: Ransomware | I21: Regional cybercrime group (RaaS model) deploys ransomware across core banking zone after lateral movement through compromised AD accounts. T24 CBS and Oracle GL encrypted — all 2.3M daily transactions halted. CBE emergency notification within 24 hours required. Recovery estimated 72+ hours without tested backups. | J21: 46118 | K21: 4 | L21: 5 | M21: =IF(K21*L21<=3,"Very Low",IF(K21*L21<=6,"Low",IF(K21*L21<=10,"Medium",IF(K21*L21<=16,"High","Critical")))) -> Critical | N21: Critical | O21: Risk Mitigation | P21: 1) Immediately disable 14 dormant AD admin accounts (open finding — highest priority) 2) Implement network segmentation isolating CBS/GL VLAN from AD management plane 3) Deploy EDR (Defender for Endpoint) on all T24 and Oracle GL servers 4) Test backup restoration for T24 CBS and Oracle GL — verify RTO under 4 hours 5) Implement Privileged Access Workstations (PAW) for CBS admin access 6) Enable Sentinel ransomware detection rules (file encryption patterns, shadow copy deletion alerts) 7) Quarterly phishing simulation targeting IT and admin staff | Q21: Ibrahim Gamal / Mohamed Ragab / Hossam Badr | R21: 46173 | S21: After AD hardening, EDR and network segmentation — risk reduced significantly. Tested backups ensure RTO compliance. Residual threat from zero-day delivery vectors remains. | T21: 2 | U21: 4 | V21: =IF(T21*U21<=3,"Very Low",IF(T21*U21<=6,"Low",IF(T21*U21<=10,"Medium",IF(T21*U21<=16,"High","Critical")))) -> Medium | W21: Monthly backup restoration tests. Quarterly AD privileged account review. Annual ransomware tabletop exercise. | X21: 46118 | Y21: CRITICAL — 14 dormant admin accounts are a direct enabler for this scenario. Must be closed immediately.
A22: . | B22: 11 | C22: IT assets | D22: Mohamed Ragab | E22: 46118 | F22: Mobile Banking Account Takeover (ATO) — SIM swap or stolen OTP targeting 680,000 app users | G22: Certificate pinning bypass vulnerability (confirmed CyberShield LLC pentest finding) enables MITM attacks; SIM swap fraud intercepts OTPs; credential stuffing from leaked databases targeting 680K active mobile users on AWS-hosted app | H22: Credential compromise | I22: Opportunistic fraudsters exploit certificate pinning bypass to perform man-in-the-middle attacks, or use SIM swap to intercept customer OTPs. Large-scale ATO campaign could affect thousands of retail customers. Egypt Law No. 151/2020 requires 72-hour data breach notification to ITIDA if PII is exposed. | J22: 46118 | K22: 4 | L22: 4 | M22: =IF(K22*L22<=3,"Very Low",IF(K22*L22<=6,"Low",IF(K22*L22<=10,"Medium",IF(K22*L22<=16,"High","Critical")))) -> High | N22: High | O22: Risk Mitigation | P22: 1) Fix certificate pinning bypass in mobile app v3.2 — immediate action (confirmed open pentest finding) 2) Implement device binding and device fingerprinting on mobile app login 3) Enable velocity checks — lock account after more than 3 failed OTP attempts 4) Deploy Actimize fraud detection rules for unusual transaction patterns post-login 5) Partner with Egyptian telcos for SIM swap notification API integration 6) Implement FIDO2/biometric authentication as OTP alternative for high-risk transactions | Q22: Nader Saleh / Mohamed Ragab / Amira Zaki | R22: 46157 | S22: After certificate pinning fix and device binding — MITM vector closed. SIM swap residual risk remains, dependent on telco controls. Actimize fraud detection limits financial exposure per incident. | T22: 2 | U22: 3 | V22: =IF(T22*U22<=3,"Very Low",IF(T22*U22<=6,"Low",IF(T22*U22<=10,"Medium",IF(T22*U22<=16,"High","Critical")))) -> Low | W22: Monthly Actimize ATO alert review. Re-test mobile app cert pinning post-fix. Track fraud complaint volumes monthly. | X22: 46118 | Y22: HIGH — Certificate pinning bypass is a confirmed open pentest finding from CyberShield LLC. App patch is urgent.
A23: . | B23: 12 | C23: Personnel | D23: Sara Ashraf | E23: 46118 | F23: Insider Threat — Privileged DBA exports 1.4M customer PII records to external party | G23: DBA or CBS admin with elevated Oracle RAC access performs unauthorised bulk data export. Motivated by financial incentive from organised crime or competitor. Enabled by lack of Oracle audit vault and insufficient user behaviour analytics (UBA) in Sentinel. | H23: Insider threats | I23: Malicious insider with DBA-level access to Oracle RAC (1.4M PII records) performs unauthorised bulk export. Data sold to criminal organisation or competitor. Consequences: Egypt Law No. 151/2020 breach notification within 72 hours, CBE regulatory fine, severe reputational damage. GDPR notification may be required for EU correspondent bank customers. | J23: 46118 | K23: 3 | L23: 5 | M23: =IF(K23*L23<=3,"Very Low",IF(K23*L23<=6,"Low",IF(K23*L23<=10,"Medium",IF(K23*L23<=16,"High","Critical")))) -> High | N23: High | O23: Risk Mitigation | P23: 1) Enable Oracle Audit Vault — log and alert on all bulk SELECT queries against customer PII tables 2) Implement Sentinel UBA rules — alert on queries returning over 1,000 rows outside business hours 3) Enforce data masking on all non-production Oracle environments (Oracle Data Masking) 4) Implement 4-eyes approval principle for DBA access to production PII tables 5) Annual background re-vetting for all privileged users 6) Deploy DLP solution to detect and block bulk data exports via email, USB, or cloud upload | Q23: Amira Zaki / Sara Ashraf / Mohamed Ragab | R23: 46203 | S23: After Oracle Audit Vault and UBA deployment — detection capability significantly improved. DLP reduces exfiltration vectors. Residual risk of highly motivated insider with legitimate access remains. | T23: 2 | U23: 4 | V23: =IF(T23*U23<=3,"Very Low",IF(T23*U23<=6,"Low",IF(T23*U23<=10,"Medium",IF(T23*U23<=16,"High","Critical")))) -> Medium | W23: Monthly review of DB audit logs by CISO. Quarterly privileged access review. Annual insider threat awareness training. | X23: 46118 | Y23: HIGH — 1.4M customer PII records in Oracle RAC. Egypt Law 151/2020 mandates breach notification within 72 hours.
A24: . | B24: 13 | C24: IT assets | D24: Nour El-Din | E24: 46118 | F24: ATM Jackpotting / Skimming — Physical or logical attack on 312-ATM estate via EOL OS or vendor channel | G24: 18 ATMs running EOL Windows 10 IoT with no available security patches (confirmed open finding); black-box USB jackpotting attack on ATM dispensers; card skimming device installation; remote attack via Diebold Nixdorf vendor diagnostic channel | H24: Attacks on IoT devices | I24: Criminal group installs skimming devices or performs logical jackpotting on EOL OS ATMs. Financial loss per jackpotting event: EGP 200,000–500,000. Card data theft enables fraud across the 312-ATM estate. 18 EOL ATMs represent highest risk as no security patches are available. | J24: 46118 | K24: 3 | L24: 3 | M24: =IF(K24*L24<=3,"Very Low",IF(K24*L24<=6,"Low",IF(K24*L24<=10,"Medium",IF(K24*L24<=16,"High","Critical")))) -> Medium | N24: Medium | O24: Risk Mitigation | P24: 1) Immediately isolate 18 EOL ATMs in a dedicated VLAN with restricted network access 2) Initiate Diebold Nixdorf OS upgrade programme for all EOL ATMs — target completion Q3 2026 3) Implement application whitelisting on all 312 ATM hosts (XFS standard) 4) Monthly physical anti-skimming inspection for all 312 ATMs — document findings 5) Deploy ATM-specific Sentinel IDS rules for abnormal cash dispense patterns 6) Restrict Diebold Nixdorf remote diagnostic access — require NCB SOC approval per session | Q24: Nour El-Din / Hossam Badr / Mohamed Ragab | R24: 46295 | S24: After EOL ATM isolation and OS upgrade programme — jackpotting risk on EOL devices contained. Physical skimming residual risk remains — mitigated by monthly inspections and encrypted PIN pads on all ATMs. | T24: 2 | U24: 3 | V24: =IF(T24*U24<=3,"Very Low",IF(T24*U24<=6,"Low",IF(T24*U24<=10,"Medium",IF(T24*U24<=16,"High","Critical")))) -> Low | W24: Monthly ATM physical inspection reports to CISO. Quarterly EOL ATM upgrade progress tracking. Annual ATM penetration test. | X24: 46118 | Y24: MEDIUM — 18 EOL ATMs are confirmed open finding. OS upgrade programme tracking is mandatory.
A25: .
A26: .+26:29
A27: .
A28: .
A29: .

Sheet Heat map
D8: ='Cover Page'!F24 -> Confidential
B9: Inherent risk register heat map | J9: Residual risk register heat map
B10: Risk impact | C10: Critical | D10: =COUNTIFS('Risk register'!$K:$K,1,'Risk register'!$L:$L,5) -> 0 | E10: =COUNTIFS('Risk register'!$K:$K,2,'Risk register'!$L:$L,5) -> 0 | F10: =COUNTIFS('Risk register'!$K:$K,3,'Risk register'!$L:$L,5) -> 2 | G10: =COUNTIFS('Risk register'!$K:$K,4,'Risk register'!$L:$L,5) -> 2 | H10: =COUNTIFS('Risk register'!$K:$K,5,'Risk register'!$L:$L,5) -> 4 | J10: Risk impact | K10: Critical | L10: =COUNTIFS('Risk register'!$T:$T,1,'Risk register'!$U:$U,5) -> 0 | M10: =COUNTIFS('Risk register'!$T:$T,2,'Risk register'!$U:$U,5) -> 4 | N10: =COUNTIFS('Risk register'!$T:$T,3,'Risk register'!$U:$U,5) -> 0 | O10: =COUNTIFS('Risk register'!$T:$T,4,'Risk register'!$U:$U,5) -> 0 | P10: =COUNTIFS('Risk register'!$T:$T,5,'Risk register'!$U:$U,5) -> 0
C11: High | D11: =COUNTIFS('Risk register'!$K:$K,1,'Risk register'!$L:$L,4) -> 0 | E11: =COUNTIFS('Risk register'!$K:$K,2,'Risk register'!$L:$L,4) -> 0 | F11: =COUNTIFS('Risk register'!$K:$K,3,'Risk register'!$L:$L,4) -> 0 | G11: =COUNTIFS('Risk register'!$K:$K,4,'Risk register'!$L:$L,4) -> 2 | H11: =COUNTIFS('Risk register'!$K:$K,5,'Risk register'!$L:$L,4) -> 1 | K11: High | L11: =COUNTIFS('Risk register'!$T:$T,1,'Risk register'!$U:$U,4) -> 0 | M11: =COUNTIFS('Risk register'!$T:$T,2,'Risk register'!$U:$U,4) -> 2 | N11: =COUNTIFS('Risk register'!$T:$T,3,'Risk register'!$U:$U,4) -> 0 | O11: =COUNTIFS('Risk register'!$T:$T,4,'Risk register'!$U:$U,4) -> 1 | P11: =COUNTIFS('Risk register'!$T:$T,5,'Risk register'!$U:$U,4) -> 0
C12: Medium | D12: =COUNTIFS('Risk register'!$K:$K,1,'Risk register'!$L:$L,3) -> 0 | E12: =COUNTIFS('Risk register'!$K:$K,2,'Risk register'!$L:$L,3) -> 0 | F12: =COUNTIFS('Risk register'!$K:$K,3,'Risk register'!$L:$L,3) -> 1 | G12: =COUNTIFS('Risk register'!$K:$K,4,'Risk register'!$L:$L,3) -> 1 | H12: =COUNTIFS('Risk register'!$K:$K,5,'Risk register'!$L:$L,3) -> 0 | K12: Medium | L12: =COUNTIFS('Risk register'!$T:$T,1,'Risk register'!$U:$U,3) -> 0 | M12: =COUNTIFS('Risk register'!$T:$T,2,'Risk register'!$U:$U,3) -> 2 | N12: =COUNTIFS('Risk register'!$T:$T,3,'Risk register'!$U:$U,3) -> 2 | O12: =COUNTIFS('Risk register'!$T:$T,4,'Risk register'!$U:$U,3) -> 0 | P12: =COUNTIFS('Risk register'!$T:$T,5,'Risk register'!$U:$U,3) -> 0
C13: Low | D13: =COUNTIFS('Risk register'!$K:$K,1,'Risk register'!$L:$L,2) -> 0 | E13: =COUNTIFS('Risk register'!$K:$K,2,'Risk register'!$L:$L,2) -> 0 | F13: =COUNTIFS('Risk register'!$K:$K,3,'Risk register'!$L:$L,2) -> 0 | G13: =COUNTIFS('Risk register'!$K:$K,4,'Risk register'!$L:$L,2) -> 0 | H13: =COUNTIFS('Risk register'!$K:$K,5,'Risk register'!$L:$L,2) -> 0 | K13: Low | L13: =COUNTIFS('Risk register'!$T:$T,1,'Risk register'!$U:$U,2) -> 0 | M13: =COUNTIFS('Risk register'!$T:$T,2,'Risk register'!$U:$U,2) -> 1 | N13: =COUNTIFS('Risk register'!$T:$T,3,'Risk register'!$U:$U,2) -> 0 | O13: =COUNTIFS('Risk register'!$T:$T,4,'Risk register'!$U:$U,2) -> 0 | P13: =COUNTIFS('Risk register'!$T:$T,5,'Risk register'!$U:$U,2) -> 0
C14: Very low | D14: =COUNTIFS('Risk register'!$K:$K,1,'Risk register'!$L:$L,1) -> 0 | E14: =COUNTIFS('Risk register'!$K:$K,2,'Risk register'!$L:$L,1) -> 0 | F14: =COUNTIFS('Risk register'!$K:$K,3,'Risk register'!$L:$L,1) -> 0 | G14: =COUNTIFS('Risk register'!$K:$K,4,'Risk register'!$L:$L,1) -> 0 | H14: =COUNTIFS('Risk register'!$K:$K,5,'Risk register'!$L:$L,1) -> 0 | K14: Very low | L14: =COUNTIFS('Risk register'!$T:$T,1,'Risk register'!$U:$U,1) -> 1 | M14: =COUNTIFS('Risk register'!$T:$T,2,'Risk register'!$U:$U,1) -> 0 | N14: =COUNTIFS('Risk register'!$T:$T,3,'Risk register'!$U:$U,1) -> 0 | O14: =COUNTIFS('Risk register'!$T:$T,4,'Risk register'!$U:$U,1) -> 0 | P14: =COUNTIFS('Risk register'!$T:$T,5,'Risk register'!$U:$U,1) -> 0
D15: Very low | E15: Low | F15: Medium | G15: High | H15: Critical | L15: Very low | M15: Low | N15: Medium | O15: High | P15: Critical
D16: Risk likelihood | L16: Risk likelihood

Sheet Overall risks
B8: ='Cover Page'!F24 -> Confidential

Sheet Summary of risks
B2: Inherent risk | E2: Residual risk
B3: Critical | C3: =COUNTIF('Risk register'!M:M,"Critical") -> 9 | E3: Critical | F3: =COUNTIF('Risk register'!V:V,"Critical") -> 1
B4: High | C4: =COUNTIF('Risk register'!M:M,"High") -> 3 | E4: High | F4: =COUNTIF('Risk register'!V:V,"High") -> 0
B5: Medium | C5: =COUNTIF('Risk register'!M:M,"Medium") -> 1 | E5: Medium | F5: =COUNTIF('Risk register'!V:V,"Medium") -> 8
B6: Low | C6: =COUNTIF('Risk register'!M:M,"Low") -> 0 | E6: Low | F6: =COUNTIF('Risk register'!V:V,"Low") -> 3
B7: Very Low | C7: =COUNTIF('Risk register'!M:M,"Very Low") -> 0 | E7: Very Low | F7: =COUNTIF('Risk register'!V:V,"Very Low") -> 1
